,stop_id,stop_name,geometry,relative_position
0,80307,Crenshaw Station,POINT (-118.32655 33.925201),0.31649393746531096
1,80308,Vermont / Athens Station,POINT (-118.291733 33.928683),0.42098284333161906
2,80309,Harbor Freeway Station,POINT (-118.2811 33.928714),0.4526033946149407
3,80310,Avalon Station,POINT (-118.265217 33.92746500000001),0.5001332559467047
4,80311,Willowbrook - Rosa Parks Station - Metro Green Line,POINT (-118.238052 33.928258),0.5811743311001728
5,80312,Long Beach Blvd Station,POINT (-118.209945 33.92488),0.6680095775980134
6,80313,Lakewood Blvd Station,POINT (-118.1406 33.91307),0.8822319641748779
7,80314,Norwalk Station,POINT (-118.104717 33.914033),0.9890352454013158
