,stop_id,stop_name,geometry,relative_position
0,80314,Norwalk Station,POINT (-118.104717 33.914033),0.010974521136526588
1,80313,Lakewood Blvd Station,POINT (-118.1406 33.91307),0.1177044657415307
2,80312,Long Beach Blvd Station,POINT (-118.209945 33.92488),0.33176364971971023
3,80311,Willowbrook - Rosa Parks Station - Metro Green Line,POINT (-118.238052 33.928258),0.41858525118839524
4,80310,Avalon Station,POINT (-118.265217 33.92746500000001),0.4996082186212404
5,80309,Harbor Freeway Station,POINT (-118.2811 33.928714),0.5471516967276833
6,80308,Vermont / Athens Station,POINT (-118.291733 33.928683),0.5787573497105992
7,80307,Crenshaw Station,POINT (-118.32655 33.925201),0.6832199991531518
